{
  "chaoslib_version": "1.24.0",
  "id": "a748cab8-f031-4715-9477-5661cc8263f2",
  "target": "kubernetes",
  "date": "2022-06-09T19:25:57.840718Z",
  "platform": {
    "system": "Linux",
    "node": "demovm",
    "release": "4.18.0-348.el8.x86_64",
    "version": "#1 SMP Tue Oct 19 15:14:17 UTC 2021",
    "machine": "x86_64",
    "proc": "x86_64",
    "python": "3.6.8"
  },
  "extension": {
    "name": "chaostoolkit-kubernetes",
    "version": "0.26.2"
  },
  "activities": [
    {
      "type": "action",
      "name": "kill_microservice",
      "mod": "chaosk8s.actions",
      "doc": "!!!DEPRECATED!!!",
      "arguments": [
        {
          "name": "name",
          "type": "string"
        },
        {
          "name": "ns",
          "default": "default",
          "type": "string"
        },
        {
          "name": "label_selector",
          "default": "name in ({name})",
          "type": "string"
        },
        {
          "name": "secrets",
          "default": null,
          "type": "mapping"
        }
      ]
    },
    {
      "type": "action",
      "name": "remove_service_endpoint",
      "mod": "chaosk8s.actions",
      "doc": "!!!DEPRECATED!!!",
      "arguments": [
        {
          "name": "name",
          "type": "string"
        },
        {
          "name": "ns",
          "default": "default",
          "type": "string"
        },
        {
          "name": "secrets",
          "default": null,
          "type": "mapping"
        }
      ]
    },
    {
      "type": "action",
      "name": "scale_microservice",
      "mod": "chaosk8s.actions",
      "doc": "!!!DEPRECATED!!!",
      "arguments": [
        {
          "name": "name",
          "type": "string"
        },
        {
          "name": "replicas",
          "type": "integer"
        },
        {
          "name": "ns",
          "default": "default",
          "type": "string"
        },
        {
          "name": "secrets",
          "default": null,
          "type": "mapping"
        }
      ]
    },
    {
      "type": "action",
      "name": "start_microservice",
      "mod": "chaosk8s.actions",
      "doc": "!!!DEPRECATED!!!",
      "arguments": [
        {
          "name": "spec_path",
          "type": "string"
        },
        {
          "name": "ns",
          "default": "default",
          "type": "string"
        },
        {
          "name": "secrets",
          "default": null,
          "type": "mapping"
        }
      ]
    },
    {
      "type": "probe",
      "name": "all_microservices_healthy",
      "mod": "chaosk8s.probes",
      "doc": "!!!DEPRECATED!!!",
      "arguments": [
        {
          "name": "ns",
          "default": "default",
          "type": "string"
        },
        {
          "name": "secrets",
          "default": null,
          "type": "mapping"
        }
      ],
      "return_type": "object"
    },
    {
      "type": "probe",
      "name": "deployment_is_fully_available",
      "mod": "chaosk8s.probes",
      "doc": "!!!DEPRECATED!!!",
      "arguments": [
        {
          "name": "name",
          "type": "string"
        },
        {
          "name": "ns",
          "default": "default",
          "type": "string"
        },
        {
          "name": "label_selector",
          "default": null,
          "type": "string"
        },
        {
          "name": "timeout",
          "default": 30,
          "type": "integer"
        },
        {
          "name": "secrets",
          "default": null,
          "type": "mapping"
        }
      ]
    },
    {
      "type": "probe",
      "name": "deployment_is_not_fully_available",
      "mod": "chaosk8s.probes",
      "doc": "!!!DEPRECATED!!!",
      "arguments": [
        {
          "name": "name",
          "type": "string"
        },
        {
          "name": "ns",
          "default": "default",
          "type": "string"
        },
        {
          "name": "label_selector",
          "default": null,
          "type": "string"
        },
        {
          "name": "timeout",
          "default": 30,
          "type": "integer"
        },
        {
          "name": "secrets",
          "default": null,
          "type": "mapping"
        }
      ]
    },
    {
      "type": "probe",
      "name": "microservice_available_and_healthy",
      "mod": "chaosk8s.probes",
      "doc": "!!!DEPRECATED!!!",
      "arguments": [
        {
          "name": "name",
          "type": "string"
        },
        {
          "name": "ns",
          "default": "default",
          "type": "string"
        },
        {
          "name": "label_selector",
          "default": null,
          "type": "string"
        },
        {
          "name": "secrets",
          "default": null,
          "type": "mapping"
        }
      ],
      "return_type": "object"
    },
    {
      "type": "probe",
      "name": "microservice_is_not_available",
      "mod": "chaosk8s.probes",
      "doc": "!!!DEPRECATED!!!",
      "arguments": [
        {
          "name": "name",
          "type": "string"
        },
        {
          "name": "ns",
          "default": "default",
          "type": "string"
        },
        {
          "name": "label_selector",
          "default": "name in ({name})",
          "type": "string"
        },
        {
          "name": "secrets",
          "default": null,
          "type": "mapping"
        }
      ],
      "return_type": "boolean"
    },
    {
      "type": "probe",
      "name": "read_microservices_logs",
      "mod": "chaosk8s.probes",
      "doc": "Fetch logs for all the pods with the label `\"name\"` set to `name` and\nreturn a dictionary with the keys being the pod's name and the values\nthe logs of said pod. If `name` is not provided, use only the\n`label_selector` instead.\n\nWhen your pod has several containers, you should also set `container_name`\nto clarify which container you want to read logs from.\n\nIf you provide `last`, this returns the logs of the last N seconds\nuntil now. This can set to a fluent delta such as `10 minutes`.\n\nYou may also set `from_previous` to `True` to capture the logs of a\nprevious pod's incarnation, if any.",
      "arguments": [
        {
          "name": "name",
          "default": null,
          "type": "string"
        },
        {
          "name": "last",
          "default": null,
          "type": "object"
        },
        {
          "name": "ns",
          "default": "default",
          "type": "string"
        },
        {
          "name": "from_previous",
          "default": false,
          "type": "boolean"
        },
        {
          "name": "label_selector",
          "default": "name in ({name})",
          "type": "string"
        },
        {
          "name": "container_name",
          "default": null,
          "type": "string"
        },
        {
          "name": "secrets",
          "default": null,
          "type": "mapping"
        }
      ],
      "return_type": "mapping"
    },
    {
      "type": "probe",
      "name": "service_endpoint_is_initialized",
      "mod": "chaosk8s.probes",
      "doc": "!!!DEPRECATED!!!",
      "arguments": [
        {
          "name": "name",
          "type": "string"
        },
        {
          "name": "ns",
          "default": "default",
          "type": "string"
        },
        {
          "name": "label_selector",
          "default": "name in ({name})",
          "type": "string"
        },
        {
          "name": "secrets",
          "default": null,
          "type": "mapping"
        }
      ]
    },
    {
      "type": "action",
      "name": "create_deployment",
      "mod": "chaosk8s.deployment.actions",
      "doc": "Create a deployment described by the deployment config, which must be the\npath to the JSON or YAML representation of the deployment.",
      "arguments": [
        {
          "name": "spec_path",
          "type": "string"
        },
        {
          "name": "ns",
          "default": "default",
          "type": "string"
        },
        {
          "name": "secrets",
          "default": null,
          "type": "mapping"
        }
      ]
    },
    {
      "type": "action",
      "name": "delete_deployment",
      "mod": "chaosk8s.deployment.actions",
      "doc": "Delete a deployment by `name` or `label_selector` in the namespace `ns`.\n\nThe deployment is deleted without a graceful period to trigger an abrupt\ntermination.\n\nIf neither `name` nor `label_selector` is specified, all the deployments\nwill be deleted in the namespace.",
      "arguments": [
        {
          "name": "name",
          "default": null,
          "type": "string"
        },
        {
          "name": "ns",
          "default": "default",
          "type": "string"
        },
        {
          "name": "label_selector",
          "default": null,
          "type": "string"
        },
        {
          "name": "secrets",
          "default": null,
          "type": "mapping"
        }
      ]
    },
    {
      "type": "action",
      "name": "scale_deployment",
      "mod": "chaosk8s.deployment.actions",
      "doc": "Scale a deployment up or down. The `name` is the name of the deployment.",
      "arguments": [
        {
          "name": "name",
          "type": "string"
        },
        {
          "name": "replicas",
          "type": "integer"
        },
        {
          "name": "ns",
          "default": "default",
          "type": "string"
        },
        {
          "name": "secrets",
          "default": null,
          "type": "mapping"
        }
      ]
    },
    {
      "type": "action",
      "name": "deployment_available_and_healthy",
      "mod": "chaosk8s.deployment.probes",
      "doc": "Lookup a deployment by `name` in the namespace `ns`.\n\nThe selected resources are matched by the given `label_selector`.\n\nRaises :exc:`chaoslib.exceptions.ActivityFailed` when the state is not\nas expected.",
      "arguments": [
        {
          "name": "name",
          "type": "string"
        },
        {
          "name": "ns",
          "default": "default",
          "type": "string"
        },
        {
          "name": "label_selector",
          "default": null,
          "type": "string"
        },
        {
          "name": "secrets",
          "default": null,
          "type": "mapping"
        }
      ],
      "return_type": "object"
    },
    {
      "type": "action",
      "name": "deployment_fully_available",
      "mod": "chaosk8s.deployment.probes",
      "doc": "Wait until all the deployment expected replicas are available.\nOnce this state is reached, return `True`.\nIf the state is not reached after `timeout` seconds, a\n:exc:`chaoslib.exceptions.ActivityFailed` exception is raised.",
      "arguments": [
        {
          "name": "name",
          "type": "string"
        },
        {
          "name": "ns",
          "default": "default",
          "type": "string"
        },
        {
          "name": "label_selector",
          "default": null,
          "type": "string"
        },
        {
          "name": "timeout",
          "default": 30,
          "type": "integer"
        },
        {
          "name": "secrets",
          "default": null,
          "type": "mapping"
        }
      ],
      "return_type": "object"
    },
    {
      "type": "action",
      "name": "deployment_not_fully_available",
      "mod": "chaosk8s.deployment.probes",
      "doc": "Wait until the deployment gets into an intermediate state where not all\nexpected replicas are available. Once this state is reached, return `True`.\nIf the state is not reached after `timeout` seconds, a\n:exc:`chaoslib.exceptions.ActivityFailed` exception is raised.",
      "arguments": [
        {
          "name": "name",
          "type": "string"
        },
        {
          "name": "ns",
          "default": "default",
          "type": "string"
        },
        {
          "name": "label_selector",
          "default": null,
          "type": "string"
        },
        {
          "name": "timeout",
          "default": 30,
          "type": "integer"
        },
        {
          "name": "secrets",
          "default": null,
          "type": "mapping"
        }
      ],
      "return_type": "object"
    },
    {
      "type": "action",
      "name": "deployment_partially_available",
      "mod": "chaosk8s.deployment.probes",
      "doc": "Check whether if the given deployment state is ready or at-least partially\nready.\nRaises :exc:`chaoslib.exceptions.ActivityFailed` when the state is not\nas expected.",
      "arguments": [
        {
          "name": "name",
          "type": "string"
        },
        {
          "name": "ns",
          "default": "default",
          "type": "string"
        },
        {
          "name": "label_selector",
          "default": null,
          "type": "string"
        },
        {
          "name": "secrets",
          "default": null,
          "type": "mapping"
        }
      ],
      "return_type": "object"
    },
    {
      "type": "action",
      "name": "cordon_node",
      "mod": "chaosk8s.node.actions",
      "doc": "Cordon nodes matching the given label or name, so that no pods\nare scheduled on them any longer.",
      "arguments": [
        {
          "name": "name",
          "default": null,
          "type": "string"
        },
        {
          "name": "label_selector",
          "default": null,
          "type": "string"
        },
        {
          "name": "secrets",
          "default": null,
          "type": "mapping"
        }
      ]
    },
    {
      "type": "action",
      "name": "create_node",
      "mod": "chaosk8s.node.actions",
      "doc": "Create one new node in the cluster.\n\nDue to the way things work on certain cloud providers, you won't be able\nto use this meaningfully on them. For instance on GCE, this will likely\nfail.\n\nSee also: https://github.com/kubernetes/community/blob/master/contributors/devel/api-conventions.md#idempotency",
      "arguments": [
        {
          "name": "meta",
          "default": null,
          "type": "mapping"
        },
        {
          "name": "spec",
          "default": null,
          "type": "mapping"
        },
        {
          "name": "secrets",
          "default": null,
          "type": "mapping"
        }
      ],
      "return_type": "object"
    },
    {
      "type": "action",
      "name": "delete_nodes",
      "mod": "chaosk8s.node.actions",
      "doc": "Delete nodes gracefully. Select the appropriate nodes by label.\n\nNodes are not drained beforehand so we can see how cluster behaves. Nodes\ncannot be restarted, they are really deleted. Please be careful when using\nthis action.\n\nOn certain cloud providers, you also need to delete the underneath VM\ninstance as well afterwards. This is the case on GCE for instance.\n\nIf `all` is set to `True`, all nodes will be terminated.\nIf `rand` is set to `True`, one random node will be terminated.\nIf \u0300`count` is set to a positive number, only a upto `count` nodes\n(randomly picked) will be terminated. Otherwise, the first retrieved node\nwill be terminated.",
      "arguments": [
        {
          "name": "label_selector",
          "default": null,
          "type": "string"
        },
        {
          "name": "all",
          "default": false,
          "type": "boolean"
        },
        {
          "name": "rand",
          "default": false,
          "type": "boolean"
        },
        {
          "name": "count",
          "default": null,
          "type": "integer"
        },
        {
          "name": "grace_period_seconds",
          "default": null,
          "type": "integer"
        },
        {
          "name": "secrets",
          "default": null,
          "type": "mapping"
        },
        {
          "name": "pod_label_selector",
          "default": null,
          "type": "string"
        },
        {
          "name": "pod_namespace",
          "default": null,
          "type": "string"
        }
      ]
    },
    {
      "type": "action",
      "name": "drain_nodes",
      "mod": "chaosk8s.node.actions",
      "doc": "Drain nodes matching the given label or name, so that no pods are scheduled\non them any longer and running pods are evicted.\n\nIt does a similar job to `kubectl drain --ignore-daemonsets` or\n`kubectl drain --delete-local-data --ignore-daemonsets` if\n`delete_pods_with_local_storage` is set to `True`. There is no\nequivalent to the `kubectl drain --force` flag.\n\nYou probably want to call `uncordon` from in your experiment's rollbacks.",
      "arguments": [
        {
          "name": "name",
          "default": null,
          "type": "string"
        },
        {
          "name": "label_selector",
          "default": null,
          "type": "string"
        },
        {
          "name": "delete_pods_with_local_storage",
          "default": false,
          "type": "boolean"
        },
        {
          "name": "timeout",
          "default": 120,
          "type": "integer"
        },
        {
          "name": "secrets",
          "default": null,
          "type": "mapping"
        },
        {
          "name": "count",
          "default": null,
          "type": "integer"
        },
        {
          "name": "pod_label_selector",
          "default": null,
          "type": "string"
        },
        {
          "name": "pod_namespace",
          "default": null,
          "type": "string"
        }
      ],
      "return_type": "boolean"
    },
    {
      "type": "action",
      "name": "uncordon_node",
      "mod": "chaosk8s.node.actions",
      "doc": "Uncordon nodes matching the given label name, so that pods can be\nscheduled on them again.",
      "arguments": [
        {
          "name": "name",
          "default": null,
          "type": "string"
        },
        {
          "name": "label_selector",
          "default": null,
          "type": "string"
        },
        {
          "name": "secrets",
          "default": null,
          "type": "mapping"
        }
      ]
    },
    {
      "type": "action",
      "name": "get_nodes",
      "mod": "chaosk8s.node.probes",
      "doc": "List all Kubernetes worker nodes in your cluster. You may filter nodes\nby specifying a label selector.",
      "arguments": [
        {
          "name": "label_selector",
          "default": null,
          "type": "string"
        },
        {
          "name": "configuration",
          "default": null,
          "type": "mapping"
        },
        {
          "name": "secrets",
          "default": null,
          "type": "mapping"
        }
      ]
    },
    {
      "type": "action",
      "name": "exec_in_pods",
      "mod": "chaosk8s.pod.actions",
      "doc": "Execute the command `cmd` in the specified pod's container.\nSelect the appropriate pods by label and/or name patterns.\nWhenever a pattern is provided for the name, all pods retrieved will be\nfiltered out if their name do not match the given pattern.\n\nIf neither `label_selector` nor `name_pattern` are provided, all pods\nin the namespace will be selected for termination.\n\nIf `all` is set to `True`, all matching pods will be affected.\n\nValue of `qty` varies based on `mode`.\nIf `mode` is set to `fixed`, then `qty` refers to number of pods affected.\nIf `mode` is set to `percentage`, then `qty` refers to\npercentage of pods, from 1 to 100, to be affected.\nDefault `mode` is `fixed` and default `qty` is `1`.\n\nIf `order` is set to `oldest`, the retrieved pods will be ordered\nby the pods creation_timestamp, with the oldest pod first in list.\n\nIf `rand` is set to `True`, n random pods will be affected\nOtherwise, the first retrieved n pods will be used\n\nThe `cmd` should be a string or a sequence of program arguments. Providing\na sequence of arguments is generally preferred, as it allows the action to\ntake care of any required escaping and quoting (e.g. to permit spaces in the\narguments). If passing a single string it will be split automatically.",
      "arguments": [
        {
          "name": "cmd",
          "type": "object"
        },
        {
          "name": "label_selector",
          "default": null,
          "type": "string"
        },
        {
          "name": "name_pattern",
          "default": null,
          "type": "string"
        },
        {
          "name": "all",
          "default": false,
          "type": "boolean"
        },
        {
          "name": "rand",
          "default": false,
          "type": "boolean"
        },
        {
          "name": "mode",
          "default": "fixed",
          "type": "string"
        },
        {
          "name": "qty",
          "default": 1,
          "type": "integer"
        },
        {
          "name": "ns",
          "default": "default",
          "type": "string"
        },
        {
          "name": "order",
          "default": "alphabetic",
          "type": "string"
        },
        {
          "name": "container_name",
          "default": null,
          "type": "string"
        },
        {
          "name": "request_timeout",
          "default": 60,
          "type": "integer"
        },
        {
          "name": "secrets",
          "default": null,
          "type": "mapping"
        }
      ],
      "return_type": "list"
    },
    {
      "type": "action",
      "name": "terminate_pods",
      "mod": "chaosk8s.pod.actions",
      "doc": "Terminate a pod gracefully. Select the appropriate pods by label and/or\nname patterns. Whenever a pattern is provided for the name, all pods\nretrieved will be filtered out if their name do not match the given\npattern.\n\nIf neither `label_selector` nor `name_pattern` are provided, all pods\nin the namespace will be selected for termination.\n\nIf `all` is set to `True`, all matching pods will be terminated.\n\nValue of `qty` varies based on `mode`.\nIf `mode` is set to `fixed`, then `qty` refers to number of pods to be\nterminated. If `mode` is set to `percentage`, then `qty` refers to\npercentage of pods, from 1 to 100, to be terminated.\nDefault `mode` is `fixed` and default `qty` is `1`.\n\nIf `order` is set to `oldest`, the retrieved pods will be ordered\nby the pods creation_timestamp, with the oldest pod first in list.\n\nIf `rand` is set to `True`, n random pods will be terminated\nOtherwise, the first retrieved n pods will be terminated.\n\nIf `grace_period` is greater than or equal to 0, it will\nbe used as the grace period (in seconds) to terminate the pods.\nOtherwise, the default pod's grace period will be used.",
      "arguments": [
        {
          "name": "label_selector",
          "default": null,
          "type": "string"
        },
        {
          "name": "name_pattern",
          "default": null,
          "type": "string"
        },
        {
          "name": "all",
          "default": false,
          "type": "boolean"
        },
        {
          "name": "rand",
          "default": false,
          "type": "boolean"
        },
        {
          "name": "mode",
          "default": "fixed",
          "type": "string"
        },
        {
          "name": "qty",
          "default": 1,
          "type": "integer"
        },
        {
          "name": "grace_period",
          "default": -1,
          "type": "integer"
        },
        {
          "name": "ns",
          "default": "default",
          "type": "string"
        },
        {
          "name": "order",
          "default": "alphabetic",
          "type": "string"
        },
        {
          "name": "secrets",
          "default": null,
          "type": "mapping"
        }
      ]
    },
    {
      "type": "probe",
      "name": "count_pods",
      "mod": "chaosk8s.pod.probes",
      "doc": "Count the number of pods matching the given selector in a given `phase`, if\none is given.",
      "arguments": [
        {
          "name": "label_selector",
          "type": "string"
        },
        {
          "name": "phase",
          "default": null,
          "type": "string"
        },
        {
          "name": "ns",
          "default": "default",
          "type": "string"
        },
        {
          "name": "secrets",
          "default": null,
          "type": "mapping"
        }
      ],
      "return_type": "integer"
    },
    {
      "type": "probe",
      "name": "pod_is_not_available",
      "mod": "chaosk8s.pod.probes",
      "doc": "Lookup pods with a `name` label set to the given `name` in the specified\n`ns`.\n\nRaises :exc:`chaoslib.exceptions.ActivityFailed` when one of the pods\nwith the specified `name` is in the `\"Running\"` phase.",
      "arguments": [
        {
          "name": "name",
          "type": "string"
        },
        {
          "name": "ns",
          "default": "default",
          "type": "string"
        },
        {
          "name": "label_selector",
          "default": "name in ({name})",
          "type": "string"
        },
        {
          "name": "secrets",
          "default": null,
          "type": "mapping"
        }
      ],
      "return_type": "boolean"
    },
    {
      "type": "probe",
      "name": "pods_in_conditions",
      "mod": "chaosk8s.pod.probes",
      "doc": "Lookup a pod by `label_selector` in the namespace `ns`.\n\nRaises :exc:`chaoslib.exceptions.ActivityFailed` if one of the given\nconditions type/status is not as expected",
      "arguments": [
        {
          "name": "label_selector",
          "type": "string"
        },
        {
          "name": "conditions",
          "type": "list"
        },
        {
          "name": "ns",
          "default": "default",
          "type": "string"
        },
        {
          "name": "secrets",
          "default": null,
          "type": "mapping"
        }
      ],
      "return_type": "boolean"
    },
    {
      "type": "probe",
      "name": "pods_in_phase",
      "mod": "chaosk8s.pod.probes",
      "doc": "Lookup a pod by `label_selector` in the namespace `ns`.\n\nRaises :exc:`chaoslib.exceptions.ActivityFailed` when the state is not\nas expected.",
      "arguments": [
        {
          "name": "label_selector",
          "type": "string"
        },
        {
          "name": "phase",
          "default": "Running",
          "type": "string"
        },
        {
          "name": "ns",
          "default": "default",
          "type": "string"
        },
        {
          "name": "secrets",
          "default": null,
          "type": "mapping"
        }
      ],
      "return_type": "boolean"
    },
    {
      "type": "probe",
      "name": "pods_not_in_phase",
      "mod": "chaosk8s.pod.probes",
      "doc": "Lookup a pod by `label_selector` in the namespace `ns`.\n\nRaises :exc:`chaoslib.exceptions.ActivityFailed` when the pod is in the\ngiven phase and should not have.",
      "arguments": [
        {
          "name": "label_selector",
          "type": "string"
        },
        {
          "name": "phase",
          "default": "Running",
          "type": "string"
        },
        {
          "name": "ns",
          "default": "default",
          "type": "string"
        },
        {
          "name": "secrets",
          "default": null,
          "type": "mapping"
        }
      ],
      "return_type": "boolean"
    },
    {
      "type": "probe",
      "name": "read_pod_logs",
      "mod": "chaosk8s.pod.probes",
      "doc": "Fetch logs for all the pods with the label `\"name\"` set to `name` and\nreturn a dictionary with the keys being the pod's name and the values\nthe logs of said pod. If `name` is not provided, use only the\n`label_selector` instead.\n\nWhen your pod has several containers, you should also set `container_name`\nto clarify which container you want to read logs from.\n\nIf you provide `last`, this returns the logs of the last N seconds\nuntil now. This can set to a fluent delta such as `10 minutes`.\n\nYou may also set `from_previous` to `True` to capture the logs of a\nprevious pod's incarnation, if any.",
      "arguments": [
        {
          "name": "name",
          "default": null,
          "type": "string"
        },
        {
          "name": "last",
          "default": null,
          "type": "object"
        },
        {
          "name": "ns",
          "default": "default",
          "type": "string"
        },
        {
          "name": "from_previous",
          "default": false,
          "type": "boolean"
        },
        {
          "name": "label_selector",
          "default": "name in ({name})",
          "type": "string"
        },
        {
          "name": "container_name",
          "default": null,
          "type": "string"
        },
        {
          "name": "secrets",
          "default": null,
          "type": "mapping"
        }
      ],
      "return_type": "mapping"
    },
    {
      "type": "action",
      "name": "delete_replica_set",
      "mod": "chaosk8s.replicaset.actions",
      "doc": "Delete a replica set by `name` or `label_selector` in the namespace `ns`.\n\nThe replica set is deleted without a graceful period to trigger an abrupt\ntermination.\n\nIf neither `name` nor `label_selector` is specified, all the replica sets\nwill be deleted in the namespace.",
      "arguments": [
        {
          "name": "name",
          "default": null,
          "type": "string"
        },
        {
          "name": "ns",
          "default": "default",
          "type": "string"
        },
        {
          "name": "label_selector",
          "default": null,
          "type": "string"
        },
        {
          "name": "secrets",
          "default": null,
          "type": "mapping"
        }
      ]
    },
    {
      "type": "action",
      "name": "create_service_endpoint",
      "mod": "chaosk8s.service.actions",
      "doc": "Create a service endpoint described by the service config, which must be\nthe path to the JSON or YAML representation of the service.",
      "arguments": [
        {
          "name": "spec_path",
          "type": "string"
        },
        {
          "name": "ns",
          "default": "default",
          "type": "string"
        },
        {
          "name": "secrets",
          "default": null,
          "type": "mapping"
        }
      ]
    },
    {
      "type": "action",
      "name": "delete_service",
      "mod": "chaosk8s.service.actions",
      "doc": "Remove the given service",
      "arguments": [
        {
          "name": "name",
          "type": "string"
        },
        {
          "name": "ns",
          "default": "default",
          "type": "string"
        },
        {
          "name": "secrets",
          "default": null,
          "type": "mapping"
        }
      ]
    },
    {
      "type": "action",
      "name": "service_is_initialized",
      "mod": "chaosk8s.service.probes",
      "doc": "Lookup a service endpoint by its name and raises :exc:`FailedProbe` when\nthe service was not found or not initialized.",
      "arguments": [
        {
          "name": "name",
          "default": null,
          "type": "string"
        },
        {
          "name": "ns",
          "default": "default",
          "type": "string"
        },
        {
          "name": "label_selector",
          "default": null,
          "type": "string"
        },
        {
          "name": "secrets",
          "default": null,
          "type": "mapping"
        }
      ],
      "return_type": "boolean"
    },
    {
      "type": "action",
      "name": "create_statefulset",
      "mod": "chaosk8s.statefulset.actions",
      "doc": "Create a statefulset described by the service config, which must be\nthe path to the JSON or YAML representation of the statefulset.",
      "arguments": [
        {
          "name": "spec_path",
          "type": "string"
        },
        {
          "name": "ns",
          "default": "default",
          "type": "string"
        },
        {
          "name": "secrets",
          "default": null,
          "type": "mapping"
        }
      ]
    },
    {
      "type": "action",
      "name": "remove_statefulset",
      "mod": "chaosk8s.statefulset.actions",
      "doc": "Remove a statefulset by `name` or `label_selector` in the namespace `ns`.\n\nThe statefulset is removed by deleting it without\n    a graceful period to trigger an abrupt termination.\n\nIf neither `name` nor `label_selector` is specified, all the statefulsets\nwill be deleted in the namespace.",
      "arguments": [
        {
          "name": "name",
          "default": null,
          "type": "string"
        },
        {
          "name": "ns",
          "default": "default",
          "type": "string"
        },
        {
          "name": "label_selector",
          "default": null,
          "type": "string"
        },
        {
          "name": "secrets",
          "default": null,
          "type": "mapping"
        }
      ]
    },
    {
      "type": "action",
      "name": "scale_statefulset",
      "mod": "chaosk8s.statefulset.actions",
      "doc": "Scale a stateful set up or down. The `name` is the name of the stateful\nset.",
      "arguments": [
        {
          "name": "name",
          "type": "string"
        },
        {
          "name": "replicas",
          "type": "integer"
        },
        {
          "name": "ns",
          "default": "default",
          "type": "string"
        },
        {
          "name": "secrets",
          "default": null,
          "type": "mapping"
        }
      ]
    },
    {
      "type": "probe",
      "name": "statefulset_fully_available",
      "mod": "chaosk8s.statefulset.probes",
      "doc": "Wait until all the statefulSet expected replicas are available.\nOnce this state is reached, return `True`.\nIf the state is not reached after `timeout` seconds, a\n:exc:`chaoslib.exceptions.ActivityFailed` exception is raised.",
      "arguments": [
        {
          "name": "name",
          "type": "string"
        },
        {
          "name": "ns",
          "default": "default",
          "type": "string"
        },
        {
          "name": "label_selector",
          "default": null,
          "type": "string"
        },
        {
          "name": "timeout",
          "default": 30,
          "type": "integer"
        },
        {
          "name": "secrets",
          "default": null,
          "type": "mapping"
        }
      ]
    },
    {
      "type": "probe",
      "name": "statefulset_not_fully_available",
      "mod": "chaosk8s.statefulset.probes",
      "doc": "Wait until the statefulSet gets into an intermediate state where not all\nexpected replicas are available. Once this state is reached, return `True`.\nIf the state is not reached after `timeout` seconds, a\n:exc:`chaoslib.exceptions.ActivityFailed` exception is raised.",
      "arguments": [
        {
          "name": "name",
          "type": "string"
        },
        {
          "name": "ns",
          "default": "default",
          "type": "string"
        },
        {
          "name": "label_selector",
          "default": null,
          "type": "string"
        },
        {
          "name": "timeout",
          "default": 30,
          "type": "integer"
        },
        {
          "name": "secrets",
          "default": null,
          "type": "mapping"
        }
      ]
    },
    {
      "type": "action",
      "name": "create_cluster_custom_object",
      "mod": "chaosk8s.crd.actions",
      "doc": "Delete a custom object in the given namespace.\n\nRead more about custom resources here:\nhttps://kubernetes.io/docs/concepts/extend-kubernetes/api-extension/custom-resources/",
      "arguments": [
        {
          "name": "group",
          "type": "string"
        },
        {
          "name": "version",
          "type": "string"
        },
        {
          "name": "plural",
          "type": "string"
        },
        {
          "name": "resource",
          "default": null,
          "type": "mapping"
        },
        {
          "name": "resource_as_yaml_file",
          "default": null,
          "type": "string"
        },
        {
          "name": "secrets",
          "default": null,
          "type": "mapping"
        }
      ],
      "return_type": "mapping"
    },
    {
      "type": "action",
      "name": "create_custom_object",
      "mod": "chaosk8s.crd.actions",
      "doc": "Create a custom object in the given namespace. Its custom resource\ndefinition must already exists or this will fail with a 404.\n\nRead more about custom resources here:\nhttps://kubernetes.io/docs/concepts/extend-kubernetes/api-extension/custom-resources/",
      "arguments": [
        {
          "name": "group",
          "type": "string"
        },
        {
          "name": "version",
          "type": "string"
        },
        {
          "name": "plural",
          "type": "string"
        },
        {
          "name": "ns",
          "default": "default",
          "type": "string"
        },
        {
          "name": "resource",
          "default": null,
          "type": "mapping"
        },
        {
          "name": "resource_as_yaml_file",
          "default": null,
          "type": "string"
        },
        {
          "name": "secrets",
          "default": null,
          "type": "mapping"
        }
      ],
      "return_type": "mapping"
    },
    {
      "type": "action",
      "name": "delete_cluster_custom_object",
      "mod": "chaosk8s.crd.actions",
      "doc": "Delete a custom object cluster wide.\n\nRead more about custom resources here:\nhttps://kubernetes.io/docs/concepts/extend-kubernetes/api-extension/custom-resources/",
      "arguments": [
        {
          "name": "group",
          "type": "string"
        },
        {
          "name": "version",
          "type": "string"
        },
        {
          "name": "plural",
          "type": "string"
        },
        {
          "name": "name",
          "type": "string"
        },
        {
          "name": "secrets",
          "default": null,
          "type": "mapping"
        }
      ],
      "return_type": "mapping"
    },
    {
      "type": "action",
      "name": "delete_custom_object",
      "mod": "chaosk8s.crd.actions",
      "doc": "Create a custom object cluster wide. Its custom resource\ndefinition must already exists or this will fail with a 404.\n\nRead more about custom resources here:\nhttps://kubernetes.io/docs/concepts/extend-kubernetes/api-extension/custom-resources/",
      "arguments": [
        {
          "name": "group",
          "type": "string"
        },
        {
          "name": "version",
          "type": "string"
        },
        {
          "name": "plural",
          "type": "string"
        },
        {
          "name": "name",
          "type": "string"
        },
        {
          "name": "ns",
          "default": "default",
          "type": "string"
        },
        {
          "name": "secrets",
          "default": null,
          "type": "mapping"
        }
      ],
      "return_type": "mapping"
    },
    {
      "type": "action",
      "name": "patch_cluster_custom_object",
      "mod": "chaosk8s.crd.actions",
      "doc": "Patch a custom object cluster-wide. The resource must be the\nupdated version to apply. Force will re-acquire conflicting fields\nowned by others.\n\nRead more about custom resources here:\nhttps://kubernetes.io/docs/concepts/extend-kubernetes/api-extension/custom-resources/",
      "arguments": [
        {
          "name": "group",
          "type": "string"
        },
        {
          "name": "version",
          "type": "string"
        },
        {
          "name": "plural",
          "type": "string"
        },
        {
          "name": "name",
          "type": "string"
        },
        {
          "name": "force",
          "default": false,
          "type": "boolean"
        },
        {
          "name": "resource",
          "default": null,
          "type": "mapping"
        },
        {
          "name": "resource_as_yaml_file",
          "default": null,
          "type": "string"
        },
        {
          "name": "secrets",
          "default": null,
          "type": "mapping"
        }
      ],
      "return_type": "mapping"
    },
    {
      "type": "action",
      "name": "patch_custom_object",
      "mod": "chaosk8s.crd.actions",
      "doc": "Patch a custom object in the given namespace. The resource must be the\nupdated version to apply. Force will re-acquire conflicting fields\nowned by others.\n\nRead more about custom resources here:\nhttps://kubernetes.io/docs/concepts/extend-kubernetes/api-extension/custom-resources/",
      "arguments": [
        {
          "name": "group",
          "type": "string"
        },
        {
          "name": "version",
          "type": "string"
        },
        {
          "name": "plural",
          "type": "string"
        },
        {
          "name": "name",
          "type": "string"
        },
        {
          "name": "ns",
          "default": "default",
          "type": "string"
        },
        {
          "name": "force",
          "default": false,
          "type": "boolean"
        },
        {
          "name": "resource",
          "default": null,
          "type": "mapping"
        },
        {
          "name": "resource_as_yaml_file",
          "default": null,
          "type": "string"
        },
        {
          "name": "secrets",
          "default": null,
          "type": "mapping"
        }
      ],
      "return_type": "mapping"
    },
    {
      "type": "action",
      "name": "replace_cluster_custom_object",
      "mod": "chaosk8s.crd.actions",
      "doc": "Replace a custom object in the given namespace. The resource must be the\nnew version to apply.\n\nRead more about custom resources here:\nhttps://kubernetes.io/docs/concepts/extend-kubernetes/api-extension/custom-resources/",
      "arguments": [
        {
          "name": "group",
          "type": "string"
        },
        {
          "name": "version",
          "type": "string"
        },
        {
          "name": "plural",
          "type": "string"
        },
        {
          "name": "name",
          "type": "string"
        },
        {
          "name": "force",
          "default": false,
          "type": "boolean"
        },
        {
          "name": "resource",
          "default": null,
          "type": "mapping"
        },
        {
          "name": "resource_as_yaml_file",
          "default": null,
          "type": "string"
        },
        {
          "name": "secrets",
          "default": null,
          "type": "mapping"
        }
      ],
      "return_type": "mapping"
    },
    {
      "type": "action",
      "name": "replace_custom_object",
      "mod": "chaosk8s.crd.actions",
      "doc": "Replace a custom object in the given namespace. The resource must be the\nnew version to apply.\n\nRead more about custom resources here:\nhttps://kubernetes.io/docs/concepts/extend-kubernetes/api-extension/custom-resources/",
      "arguments": [
        {
          "name": "group",
          "type": "string"
        },
        {
          "name": "version",
          "type": "string"
        },
        {
          "name": "plural",
          "type": "string"
        },
        {
          "name": "name",
          "type": "string"
        },
        {
          "name": "ns",
          "default": "default",
          "type": "string"
        },
        {
          "name": "force",
          "default": false,
          "type": "boolean"
        },
        {
          "name": "resource",
          "default": null,
          "type": "mapping"
        },
        {
          "name": "resource_as_yaml_file",
          "default": null,
          "type": "string"
        },
        {
          "name": "secrets",
          "default": null,
          "type": "mapping"
        }
      ],
      "return_type": "mapping"
    },
    {
      "type": "probe",
      "name": "get_cluster_custom_object",
      "mod": "chaosk8s.crd.probes",
      "doc": "Get a custom object cluster-wide.\n\nRead more about custom resources here:\nhttps://kubernetes.io/docs/concepts/extend-kubernetes/api-extension/custom-resources/",
      "arguments": [
        {
          "name": "group",
          "type": "string"
        },
        {
          "name": "version",
          "type": "string"
        },
        {
          "name": "plural",
          "type": "string"
        },
        {
          "name": "name",
          "type": "string"
        },
        {
          "name": "secrets",
          "default": null,
          "type": "mapping"
        }
      ],
      "return_type": "mapping"
    },
    {
      "type": "probe",
      "name": "get_custom_object",
      "mod": "chaosk8s.crd.probes",
      "doc": "Get a custom object in the given namespace.\n\nRead more about custom resources here:\nhttps://kubernetes.io/docs/concepts/extend-kubernetes/api-extension/custom-resources/",
      "arguments": [
        {
          "name": "group",
          "type": "string"
        },
        {
          "name": "version",
          "type": "string"
        },
        {
          "name": "plural",
          "type": "string"
        },
        {
          "name": "name",
          "type": "string"
        },
        {
          "name": "ns",
          "default": "default",
          "type": "string"
        },
        {
          "name": "secrets",
          "default": null,
          "type": "mapping"
        }
      ],
      "return_type": "mapping"
    },
    {
      "type": "probe",
      "name": "list_cluster_custom_objects",
      "mod": "chaosk8s.crd.probes",
      "doc": "List custom objects cluster-wide.\n\nRead more about custom resources here:\nhttps://kubernetes.io/docs/concepts/extend-kubernetes/api-extension/custom-resources/",
      "arguments": [
        {
          "name": "group",
          "type": "string"
        },
        {
          "name": "version",
          "type": "string"
        },
        {
          "name": "plural",
          "type": "string"
        },
        {
          "name": "secrets",
          "default": null,
          "type": "mapping"
        }
      ],
      "return_type": "list"
    },
    {
      "type": "probe",
      "name": "list_custom_objects",
      "mod": "chaosk8s.crd.probes",
      "doc": "List custom objects in the given namespace.\n\nRead more about custom resources here:\nhttps://kubernetes.io/docs/concepts/extend-kubernetes/api-extension/custom-resources/",
      "arguments": [
        {
          "name": "group",
          "type": "string"
        },
        {
          "name": "version",
          "type": "string"
        },
        {
          "name": "plural",
          "type": "string"
        },
        {
          "name": "ns",
          "default": "default",
          "type": "string"
        },
        {
          "name": "secrets",
          "default": null,
          "type": "mapping"
        }
      ],
      "return_type": "list"
    }
  ],
  "system": null
}